codepoint,char,unicode_name,romanization
U+A000,ꀀ,Yi Syllable It,it
U+A001,ꀁ,Yi Syllable Ix,ix
U+A002,ꀂ,Yi Syllable I,i
U+A003,ꀃ,Yi Syllable Ip,ip
U+A004,ꀄ,Yi Syllable Iet,iet
U+A005,ꀅ,Yi Syllable Iex,iex
U+A006,ꀆ,Yi Syllable Ie,ie
U+A007,ꀇ,Yi Syllable Iep,iep
U+A008,ꀈ,Yi Syllable At,at
U+A009,ꀉ,Yi Syllable Ax,ax
U+A00A,ꀊ,Yi Syllable A,a
U+A00B,ꀋ,Yi Syllable Ap,ap
U+A00C,ꀌ,Yi Syllable Uox,uox
U+A00D,ꀍ,Yi Syllable Uo,uo
U+A00E,ꀎ,Yi Syllable Uop,uop
U+A00F,ꀏ,Yi Syllable Ot,ot
U+A010,ꀐ,Yi Syllable Ox,ox
U+A011,ꀑ,Yi Syllable O,o
U+A012,ꀒ,Yi Syllable Op,op
U+A013,ꀓ,Yi Syllable Ex,ex
U+A014,ꀔ,Yi Syllable E,e
U+A015,ꀕ,Yi Syllable Wu,wu
U+A016,ꀖ,Yi Syllable Bit,bit
U+A017,ꀗ,Yi Syllable Bix,bix
U+A018,ꀘ,Yi Syllable Bi,bi
U+A019,ꀙ,Yi Syllable Bip,bip
U+A01A,ꀚ,Yi Syllable Biet,biet
U+A01B,ꀛ,Yi Syllable Biex,biex
U+A01C,ꀜ,Yi Syllable Bie,bie
U+A01D,ꀝ,Yi Syllable Biep,biep
U+A01E,ꀞ,Yi Syllable Bat,bat
U+A01F,ꀟ,Yi Syllable Bax,bax
U+A020,ꀠ,Yi Syllable Ba,ba
U+A021,ꀡ,Yi Syllable Bap,bap
U+A022,ꀢ,Yi Syllable Buox,buox
U+A023,ꀣ,Yi Syllable Buo,buo
U+A024,ꀤ,Yi Syllable Buop,buop
U+A025,ꀥ,Yi Syllable Bot,bot
U+A026,ꀦ,Yi Syllable Box,box
U+A027,ꀧ,Yi Syllable Bo,bo
U+A028,ꀨ,Yi Syllable Bop,bop
U+A029,ꀩ,Yi Syllable Bex,bex
U+A02A,ꀪ,Yi Syllable Be,be
U+A02B,ꀫ,Yi Syllable Bep,bep
U+A02C,ꀬ,Yi Syllable But,but
U+A02D,ꀭ,Yi Syllable Bux,bux
U+A02E,ꀮ,Yi Syllable Bu,bu
U+A02F,ꀯ,Yi Syllable Bup,bup
U+A030,ꀰ,Yi Syllable Burx,burx
U+A031,ꀱ,Yi Syllable Bur,bur
U+A032,ꀲ,Yi Syllable Byt,byt
U+A033,ꀳ,Yi Syllable Byx,byx
U+A034,ꀴ,Yi Syllable By,by
U+A035,ꀵ,Yi Syllable Byp,byp
U+A036,ꀶ,Yi Syllable Byrx,byrx
U+A037,ꀷ,Yi Syllable Byr,byr
U+A038,ꀸ,Yi Syllable Pit,pit
U+A039,ꀹ,Yi Syllable Pix,pix
U+A03A,ꀺ,Yi Syllable Pi,pi
U+A03B,ꀻ,Yi Syllable Pip,pip
U+A03C,ꀼ,Yi Syllable Piex,piex
U+A03D,ꀽ,Yi Syllable Pie,pie
U+A03E,ꀾ,Yi Syllable Piep,piep
U+A03F,ꀿ,Yi Syllable Pat,pat
U+A040,ꁀ,Yi Syllable Pax,pax
U+A041,ꁁ,Yi Syllable Pa,pa
U+A042,ꁂ,Yi Syllable Pap,pap
U+A043,ꁃ,Yi Syllable Puox,puox
U+A044,ꁄ,Yi Syllable Puo,puo
U+A045,ꁅ,Yi Syllable Puop,puop
U+A046,ꁆ,Yi Syllable Pot,pot
U+A047,ꁇ,Yi Syllable Pox,pox
U+A048,ꁈ,Yi Syllable Po,po
U+A049,ꁉ,Yi Syllable Pop,pop
U+A04A,ꁊ,Yi Syllable Put,put
U+A04B,ꁋ,Yi Syllable Pux,pux
U+A04C,ꁌ,Yi Syllable Pu,pu
U+A04D,ꁍ,Yi Syllable Pup,pup
U+A04E,ꁎ,Yi Syllable Purx,purx
U+A04F,ꁏ,Yi Syllable Pur,pur
U+A050,ꁐ,Yi Syllable Pyt,pyt
U+A051,ꁑ,Yi Syllable Pyx,pyx
U+A052,ꁒ,Yi Syllable Py,py
U+A053,ꁓ,Yi Syllable Pyp,pyp
U+A054,ꁔ,Yi Syllable Pyrx,pyrx
U+A055,ꁕ,Yi Syllable Pyr,pyr
U+A056,ꁖ,Yi Syllable Bbit,bbit
U+A057,ꁗ,Yi Syllable Bbix,bbix
U+A058,ꁘ,Yi Syllable Bbi,bbi
U+A059,ꁙ,Yi Syllable Bbip,bbip
U+A05A,ꁚ,Yi Syllable Bbiet,bbiet
U+A05B,ꁛ,Yi Syllable Bbiex,bbiex
U+A05C,ꁜ,Yi Syllable Bbie,bbie
U+A05D,ꁝ,Yi Syllable Bbiep,bbiep
U+A05E,ꁞ,Yi Syllable Bbat,bbat
U+A05F,ꁟ,Yi Syllable Bbax,bbax
U+A060,ꁠ,Yi Syllable Bba,bba
U+A061,ꁡ,Yi Syllable Bbap,bbap
U+A062,ꁢ,Yi Syllable Bbuox,bbuox
U+A063,ꁣ,Yi Syllable Bbuo,bbuo
U+A064,ꁤ,Yi Syllable Bbuop,bbuop
U+A065,ꁥ,Yi Syllable Bbot,bbot
U+A066,ꁦ,Yi Syllable Bbox,bbox
U+A067,ꁧ,Yi Syllable Bbo,bbo
U+A068,ꁨ,Yi Syllable Bbop,bbop
U+A069,ꁩ,Yi Syllable Bbex,bbex
U+A06A,ꁪ,Yi Syllable Bbe,bbe
U+A06B,ꁫ,Yi Syllable Bbep,bbep
U+A06C,ꁬ,Yi Syllable Bbut,bbut
U+A06D,ꁭ,Yi Syllable Bbux,bbux
U+A06E,ꁮ,Yi Syllable Bbu,bbu
U+A06F,ꁯ,Yi Syllable Bbup,bbup
U+A070,ꁰ,Yi Syllable Bburx,bburx
U+A071,ꁱ,Yi Syllable Bbur,bbur
U+A072,ꁲ,Yi Syllable Bbyt,bbyt
U+A073,ꁳ,Yi Syllable Bbyx,bbyx
U+A074,ꁴ,Yi Syllable Bby,bby
U+A075,ꁵ,Yi Syllable Bbyp,bbyp
U+A076,ꁶ,Yi Syllable Nbit,nbit
U+A077,ꁷ,Yi Syllable Nbix,nbix
U+A078,ꁸ,Yi Syllable Nbi,nbi
U+A079,ꁹ,Yi Syllable Nbip,nbip
U+A07A,ꁺ,Yi Syllable Nbiex,nbiex
U+A07B,ꁻ,Yi Syllable Nbie,nbie
U+A07C,ꁼ,Yi Syllable Nbiep,nbiep
U+A07D,ꁽ,Yi Syllable Nbat,nbat
U+A07E,ꁾ,Yi Syllable Nbax,nbax
U+A07F,ꁿ,Yi Syllable Nba,nba
U+A080,ꂀ,Yi Syllable Nbap,nbap
U+A081,ꂁ,Yi Syllable Nbot,nbot
U+A082,ꂂ,Yi Syllable Nbox,nbox
U+A083,ꂃ,Yi Syllable Nbo,nbo
U+A084,ꂄ,Yi Syllable Nbop,nbop
U+A085,ꂅ,Yi Syllable Nbut,nbut
U+A086,ꂆ,Yi Syllable Nbux,nbux
U+A087,ꂇ,Yi Syllable Nbu,nbu
U+A088,ꂈ,Yi Syllable Nbup,nbup
U+A089,ꂉ,Yi Syllable Nburx,nburx
U+A08A,ꂊ,Yi Syllable Nbur,nbur
U+A08B,ꂋ,Yi Syllable Nbyt,nbyt
U+A08C,ꂌ,Yi Syllable Nbyx,nbyx
U+A08D,ꂍ,Yi Syllable Nby,nby
U+A08E,ꂎ,Yi Syllable Nbyp,nbyp
U+A08F,ꂏ,Yi Syllable Nbyrx,nbyrx
U+A090,ꂐ,Yi Syllable Nbyr,nbyr
U+A091,ꂑ,Yi Syllable Hmit,hmit
U+A092,ꂒ,Yi Syllable Hmix,hmix
U+A093,ꂓ,Yi Syllable Hmi,hmi
U+A094,ꂔ,Yi Syllable Hmip,hmip
U+A095,ꂕ,Yi Syllable Hmiex,hmiex
U+A096,ꂖ,Yi Syllable Hmie,hmie
U+A097,ꂗ,Yi Syllable Hmiep,hmiep
U+A098,ꂘ,Yi Syllable Hmat,hmat
U+A099,ꂙ,Yi Syllable Hmax,hmax
U+A09A,ꂚ,Yi Syllable Hma,hma
U+A09B,ꂛ,Yi Syllable Hmap,hmap
U+A09C,ꂜ,Yi Syllable Hmuox,hmuox
U+A09D,ꂝ,Yi Syllable Hmuo,hmuo
U+A09E,ꂞ,Yi Syllable Hmuop,hmuop
U+A09F,ꂟ,Yi Syllable Hmot,hmot
U+A0A0,ꂠ,Yi Syllable Hmox,hmox
U+A0A1,ꂡ,Yi Syllable Hmo,hmo
U+A0A2,ꂢ,Yi Syllable Hmop,hmop
U+A0A3,ꂣ,Yi Syllable Hmut,hmut
U+A0A4,ꂤ,Yi Syllable Hmux,hmux
U+A0A5,ꂥ,Yi Syllable Hmu,hmu
U+A0A6,ꂦ,Yi Syllable Hmup,hmup
U+A0A7,ꂧ,Yi Syllable Hmurx,hmurx
U+A0A8,ꂨ,Yi Syllable Hmur,hmur
U+A0A9,ꂩ,Yi Syllable Hmyx,hmyx
U+A0AA,ꂪ,Yi Syllable Hmy,hmy
U+A0AB,ꂫ,Yi Syllable Hmyp,hmyp
U+A0AC,ꂬ,Yi Syllable Hmyrx,hmyrx
U+A0AD,ꂭ,Yi Syllable Hmyr,hmyr
U+A0AE,ꂮ,Yi Syllable Mit,mit
U+A0AF,ꂯ,Yi Syllable Mix,mix
U+A0B0,ꂰ,Yi Syllable Mi,mi
U+A0B1,ꂱ,Yi Syllable Mip,mip
U+A0B2,ꂲ,Yi Syllable Miex,miex
U+A0B3,ꂳ,Yi Syllable Mie,mie
U+A0B4,ꂴ,Yi Syllable Miep,miep
U+A0B5,ꂵ,Yi Syllable Mat,mat
U+A0B6,ꂶ,Yi Syllable Max,max
U+A0B7,ꂷ,Yi Syllable Ma,ma
U+A0B8,ꂸ,Yi Syllable Map,map
U+A0B9,ꂹ,Yi Syllable Muot,muot
U+A0BA,ꂺ,Yi Syllable Muox,muox
U+A0BB,ꂻ,Yi Syllable Muo,muo
U+A0BC,ꂼ,Yi Syllable Muop,muop
U+A0BD,ꂽ,Yi Syllable Mot,mot
U+A0BE,ꂾ,Yi Syllable Mox,mox
U+A0BF,ꂿ,Yi Syllable Mo,mo
U+A0C0,ꃀ,Yi Syllable Mop,mop
U+A0C1,ꃁ,Yi Syllable Mex,mex
U+A0C2,ꃂ,Yi Syllable Me,me
U+A0C3,ꃃ,Yi Syllable Mut,mut
U+A0C4,ꃄ,Yi Syllable Mux,mux
U+A0C5,ꃅ,Yi Syllable Mu,mu
U+A0C6,ꃆ,Yi Syllable Mup,mup
U+A0C7,ꃇ,Yi Syllable Murx,murx
U+A0C8,ꃈ,Yi Syllable Mur,mur
U+A0C9,ꃉ,Yi Syllable Myt,myt
U+A0CA,ꃊ,Yi Syllable Myx,myx
U+A0CB,ꃋ,Yi Syllable My,my
U+A0CC,ꃌ,Yi Syllable Myp,myp
U+A0CD,ꃍ,Yi Syllable Fit,fit
U+A0CE,ꃎ,Yi Syllable Fix,fix
U+A0CF,ꃏ,Yi Syllable Fi,fi
U+A0D0,ꃐ,Yi Syllable Fip,fip
U+A0D1,ꃑ,Yi Syllable Fat,fat
U+A0D2,ꃒ,Yi Syllable Fax,fax
U+A0D3,ꃓ,Yi Syllable Fa,fa
U+A0D4,ꃔ,Yi Syllable Fap,fap
U+A0D5,ꃕ,Yi Syllable Fox,fox
U+A0D6,ꃖ,Yi Syllable Fo,fo
U+A0D7,ꃗ,Yi Syllable Fop,fop
U+A0D8,ꃘ,Yi Syllable Fut,fut
U+A0D9,ꃙ,Yi Syllable Fux,fux
U+A0DA,ꃚ,Yi Syllable Fu,fu
U+A0DB,ꃛ,Yi Syllable Fup,fup
U+A0DC,ꃜ,Yi Syllable Furx,furx
U+A0DD,ꃝ,Yi Syllable Fur,fur
U+A0DE,ꃞ,Yi Syllable Fyt,fyt
U+A0DF,ꃟ,Yi Syllable Fyx,fyx
U+A0E0,ꃠ,Yi Syllable Fy,fy
U+A0E1,ꃡ,Yi Syllable Fyp,fyp
U+A0E2,ꃢ,Yi Syllable Vit,vit
U+A0E3,ꃣ,Yi Syllable Vix,vix
U+A0E4,ꃤ,Yi Syllable Vi,vi
U+A0E5,ꃥ,Yi Syllable Vip,vip
U+A0E6,ꃦ,Yi Syllable Viet,viet
U+A0E7,ꃧ,Yi Syllable Viex,viex
U+A0E8,ꃨ,Yi Syllable Vie,vie
U+A0E9,ꃩ,Yi Syllable Viep,viep
U+A0EA,ꃪ,Yi Syllable Vat,vat
U+A0EB,ꃫ,Yi Syllable Vax,vax
U+A0EC,ꃬ,Yi Syllable Va,va
U+A0ED,ꃭ,Yi Syllable Vap,vap
U+A0EE,ꃮ,Yi Syllable Vot,vot
U+A0EF,ꃯ,Yi Syllable Vox,vox
U+A0F0,ꃰ,Yi Syllable Vo,vo
U+A0F1,ꃱ,Yi Syllable Vop,vop
U+A0F2,ꃲ,Yi Syllable Vex,vex
U+A0F3,ꃳ,Yi Syllable Vep,vep
U+A0F4,ꃴ,Yi Syllable Vut,vut
U+A0F5,ꃵ,Yi Syllable Vux,vux
U+A0F6,ꃶ,Yi Syllable Vu,vu
U+A0F7,ꃷ,Yi Syllable Vup,vup
U+A0F8,ꃸ,Yi Syllable Vurx,vurx
U+A0F9,ꃹ,Yi Syllable Vur,vur
U+A0FA,ꃺ,Yi Syllable Vyt,vyt
U+A0FB,ꃻ,Yi Syllable Vyx,vyx
U+A0FC,ꃼ,Yi Syllable Vy,vy
U+A0FD,ꃽ,Yi Syllable Vyp,vyp
U+A0FE,ꃾ,Yi Syllable Vyrx,vyrx
U+A0FF,ꃿ,Yi Syllable Vyr,vyr
U+A100,ꄀ,Yi Syllable Dit,dit
U+A101,ꄁ,Yi Syllable Dix,dix
U+A102,ꄂ,Yi Syllable Di,di
U+A103,ꄃ,Yi Syllable Dip,dip
U+A104,ꄄ,Yi Syllable Diex,diex
U+A105,ꄅ,Yi Syllable Die,die
U+A106,ꄆ,Yi Syllable Diep,diep
U+A107,ꄇ,Yi Syllable Dat,dat
U+A108,ꄈ,Yi Syllable Dax,dax
U+A109,ꄉ,Yi Syllable Da,da
U+A10A,ꄊ,Yi Syllable Dap,dap
U+A10B,ꄋ,Yi Syllable Duox,duox
U+A10C,ꄌ,Yi Syllable Duo,duo
U+A10D,ꄍ,Yi Syllable Dot,dot
U+A10E,ꄎ,Yi Syllable Dox,dox
U+A10F,ꄏ,Yi Syllable Do,do
U+A110,ꄐ,Yi Syllable Dop,dop
U+A111,ꄑ,Yi Syllable Dex,dex
U+A112,ꄒ,Yi Syllable De,de
U+A113,ꄓ,Yi Syllable Dep,dep
U+A114,ꄔ,Yi Syllable Dut,dut
U+A115,ꄕ,Yi Syllable Dux,dux
U+A116,ꄖ,Yi Syllable Du,du
U+A117,ꄗ,Yi Syllable Dup,dup
U+A118,ꄘ,Yi Syllable Durx,durx
U+A119,ꄙ,Yi Syllable Dur,dur
U+A11A,ꄚ,Yi Syllable Tit,tit
U+A11B,ꄛ,Yi Syllable Tix,tix
U+A11C,ꄜ,Yi Syllable Ti,ti
U+A11D,ꄝ,Yi Syllable Tip,tip
U+A11E,ꄞ,Yi Syllable Tiex,tiex
U+A11F,ꄟ,Yi Syllable Tie,tie
U+A120,ꄠ,Yi Syllable Tiep,tiep
U+A121,ꄡ,Yi Syllable Tat,tat
U+A122,ꄢ,Yi Syllable Tax,tax
U+A123,ꄣ,Yi Syllable Ta,ta
U+A124,ꄤ,Yi Syllable Tap,tap
U+A125,ꄥ,Yi Syllable Tuot,tuot
U+A126,ꄦ,Yi Syllable Tuox,tuox
U+A127,ꄧ,Yi Syllable Tuo,tuo
U+A128,ꄨ,Yi Syllable Tuop,tuop
U+A129,ꄩ,Yi Syllable Tot,tot
U+A12A,ꄪ,Yi Syllable Tox,tox
U+A12B,ꄫ,Yi Syllable To,to
U+A12C,ꄬ,Yi Syllable Top,top
U+A12D,ꄭ,Yi Syllable Tex,tex
U+A12E,ꄮ,Yi Syllable Te,te
U+A12F,ꄯ,Yi Syllable Tep,tep
U+A130,ꄰ,Yi Syllable Tut,tut
U+A131,ꄱ,Yi Syllable Tux,tux
U+A132,ꄲ,Yi Syllable Tu,tu
U+A133,ꄳ,Yi Syllable Tup,tup
U+A134,ꄴ,Yi Syllable Turx,turx
U+A135,ꄵ,Yi Syllable Tur,tur
U+A136,ꄶ,Yi Syllable Ddit,ddit
U+A137,ꄷ,Yi Syllable Ddix,ddix
U+A138,ꄸ,Yi Syllable Ddi,ddi
U+A139,ꄹ,Yi Syllable Ddip,ddip
U+A13A,ꄺ,Yi Syllable Ddiex,ddiex
U+A13B,ꄻ,Yi Syllable Ddie,ddie
U+A13C,ꄼ,Yi Syllable Ddiep,ddiep
U+A13D,ꄽ,Yi Syllable Ddat,ddat
U+A13E,ꄾ,Yi Syllable Ddax,ddax
U+A13F,ꄿ,Yi Syllable Dda,dda
U+A140,ꅀ,Yi Syllable Ddap,ddap
U+A141,ꅁ,Yi Syllable Dduox,dduox
U+A142,ꅂ,Yi Syllable Dduo,dduo
U+A143,ꅃ,Yi Syllable Dduop,dduop
U+A144,ꅄ,Yi Syllable Ddot,ddot
U+A145,ꅅ,Yi Syllable Ddox,ddox
U+A146,ꅆ,Yi Syllable Ddo,ddo
U+A147,ꅇ,Yi Syllable Ddop,ddop
U+A148,ꅈ,Yi Syllable Ddex,ddex
U+A149,ꅉ,Yi Syllable Dde,dde
U+A14A,ꅊ,Yi Syllable Ddep,ddep
U+A14B,ꅋ,Yi Syllable Ddut,ddut
U+A14C,ꅌ,Yi Syllable Ddux,ddux
U+A14D,ꅍ,Yi Syllable Ddu,ddu
U+A14E,ꅎ,Yi Syllable Ddup,ddup
U+A14F,ꅏ,Yi Syllable Ddurx,ddurx
U+A150,ꅐ,Yi Syllable Ddur,ddur
U+A151,ꅑ,Yi Syllable Ndit,ndit
U+A152,ꅒ,Yi Syllable Ndix,ndix
U+A153,ꅓ,Yi Syllable Ndi,ndi
U+A154,ꅔ,Yi Syllable Ndip,ndip
U+A155,ꅕ,Yi Syllable Ndiex,ndiex
U+A156,ꅖ,Yi Syllable Ndie,ndie
U+A157,ꅗ,Yi Syllable Ndat,ndat
U+A158,ꅘ,Yi Syllable Ndax,ndax
U+A159,ꅙ,Yi Syllable Nda,nda
U+A15A,ꅚ,Yi Syllable Ndap,ndap
U+A15B,ꅛ,Yi Syllable Ndot,ndot
U+A15C,ꅜ,Yi Syllable Ndox,ndox
U+A15D,ꅝ,Yi Syllable Ndo,ndo
U+A15E,ꅞ,Yi Syllable Ndop,ndop
U+A15F,ꅟ,Yi Syllable Ndex,ndex
U+A160,ꅠ,Yi Syllable Nde,nde
U+A161,ꅡ,Yi Syllable Ndep,ndep
U+A162,ꅢ,Yi Syllable Ndut,ndut
U+A163,ꅣ,Yi Syllable Ndux,ndux
U+A164,ꅤ,Yi Syllable Ndu,ndu
U+A165,ꅥ,Yi Syllable Ndup,ndup
U+A166,ꅦ,Yi Syllable Ndurx,ndurx
U+A167,ꅧ,Yi Syllable Ndur,ndur
U+A168,ꅨ,Yi Syllable Hnit,hnit
U+A169,ꅩ,Yi Syllable Hnix,hnix
U+A16A,ꅪ,Yi Syllable Hni,hni
U+A16B,ꅫ,Yi Syllable Hnip,hnip
U+A16C,ꅬ,Yi Syllable Hniet,hniet
U+A16D,ꅭ,Yi Syllable Hniex,hniex
U+A16E,ꅮ,Yi Syllable Hnie,hnie
U+A16F,ꅯ,Yi Syllable Hniep,hniep
U+A170,ꅰ,Yi Syllable Hnat,hnat
U+A171,ꅱ,Yi Syllable Hnax,hnax
U+A172,ꅲ,Yi Syllable Hna,hna
U+A173,ꅳ,Yi Syllable Hnap,hnap
U+A174,ꅴ,Yi Syllable Hnuox,hnuox
U+A175,ꅵ,Yi Syllable Hnuo,hnuo
U+A176,ꅶ,Yi Syllable Hnot,hnot
U+A177,ꅷ,Yi Syllable Hnox,hnox
U+A178,ꅸ,Yi Syllable Hnop,hnop
U+A179,ꅹ,Yi Syllable Hnex,hnex
U+A17A,ꅺ,Yi Syllable Hne,hne
U+A17B,ꅻ,Yi Syllable Hnep,hnep
U+A17C,ꅼ,Yi Syllable Hnut,hnut
U+A17D,ꅽ,Yi Syllable Nit,nit
U+A17E,ꅾ,Yi Syllable Nix,nix
U+A17F,ꅿ,Yi Syllable Ni,ni
U+A180,ꆀ,Yi Syllable Nip,nip
U+A181,ꆁ,Yi Syllable Niex,niex
U+A182,ꆂ,Yi Syllable Nie,nie
U+A183,ꆃ,Yi Syllable Niep,niep
U+A184,ꆄ,Yi Syllable Nax,nax
U+A185,ꆅ,Yi Syllable Na,na
U+A186,ꆆ,Yi Syllable Nap,nap
U+A187,ꆇ,Yi Syllable Nuox,nuox
U+A188,ꆈ,Yi Syllable Nuo,nuo
U+A189,ꆉ,Yi Syllable Nuop,nuop
U+A18A,ꆊ,Yi Syllable Not,not
U+A18B,ꆋ,Yi Syllable Nox,nox
U+A18C,ꆌ,Yi Syllable No,no
U+A18D,ꆍ,Yi Syllable Nop,nop
U+A18E,ꆎ,Yi Syllable Nex,nex
U+A18F,ꆏ,Yi Syllable Ne,ne
U+A190,ꆐ,Yi Syllable Nep,nep
U+A191,ꆑ,Yi Syllable Nut,nut
U+A192,ꆒ,Yi Syllable Nux,nux
U+A193,ꆓ,Yi Syllable Nu,nu
U+A194,ꆔ,Yi Syllable Nup,nup
U+A195,ꆕ,Yi Syllable Nurx,nurx
U+A196,ꆖ,Yi Syllable Nur,nur
U+A197,ꆗ,Yi Syllable Hlit,hlit
U+A198,ꆘ,Yi Syllable Hlix,hlix
U+A199,ꆙ,Yi Syllable Hli,hli
U+A19A,ꆚ,Yi Syllable Hlip,hlip
U+A19B,ꆛ,Yi Syllable Hliex,hliex
U+A19C,ꆜ,Yi Syllable Hlie,hlie
U+A19D,ꆝ,Yi Syllable Hliep,hliep
U+A19E,ꆞ,Yi Syllable Hlat,hlat
U+A19F,ꆟ,Yi Syllable Hlax,hlax
U+A1A0,ꆠ,Yi Syllable Hla,hla
U+A1A1,ꆡ,Yi Syllable Hlap,hlap
U+A1A2,ꆢ,Yi Syllable Hluox,hluox
U+A1A3,ꆣ,Yi Syllable Hluo,hluo
U+A1A4,ꆤ,Yi Syllable Hluop,hluop
U+A1A5,ꆥ,Yi Syllable Hlox,hlox
U+A1A6,ꆦ,Yi Syllable Hlo,hlo
U+A1A7,ꆧ,Yi Syllable Hlop,hlop
U+A1A8,ꆨ,Yi Syllable Hlex,hlex
U+A1A9,ꆩ,Yi Syllable Hle,hle
U+A1AA,ꆪ,Yi Syllable Hlep,hlep
U+A1AB,ꆫ,Yi Syllable Hlut,hlut
U+A1AC,ꆬ,Yi Syllable Hlux,hlux
U+A1AD,ꆭ,Yi Syllable Hlu,hlu
U+A1AE,ꆮ,Yi Syllable Hlup,hlup
U+A1AF,ꆯ,Yi Syllable Hlurx,hlurx
U+A1B0,ꆰ,Yi Syllable Hlur,hlur
U+A1B1,ꆱ,Yi Syllable Hlyt,hlyt
U+A1B2,ꆲ,Yi Syllable Hlyx,hlyx
U+A1B3,ꆳ,Yi Syllable Hly,hly
U+A1B4,ꆴ,Yi Syllable Hlyp,hlyp
U+A1B5,ꆵ,Yi Syllable Hlyrx,hlyrx
U+A1B6,ꆶ,Yi Syllable Hlyr,hlyr
U+A1B7,ꆷ,Yi Syllable Lit,lit
U+A1B8,ꆸ,Yi Syllable Lix,lix
U+A1B9,ꆹ,Yi Syllable Li,li
U+A1BA,ꆺ,Yi Syllable Lip,lip
U+A1BB,ꆻ,Yi Syllable Liet,liet
U+A1BC,ꆼ,Yi Syllable Liex,liex
U+A1BD,ꆽ,Yi Syllable Lie,lie
U+A1BE,ꆾ,Yi Syllable Liep,liep
U+A1BF,ꆿ,Yi Syllable Lat,lat
U+A1C0,ꇀ,Yi Syllable Lax,lax
U+A1C1,ꇁ,Yi Syllable La,la
U+A1C2,ꇂ,Yi Syllable Lap,lap
U+A1C3,ꇃ,Yi Syllable Luot,luot
U+A1C4,ꇄ,Yi Syllable Luox,luox
U+A1C5,ꇅ,Yi Syllable Luo,luo
U+A1C6,ꇆ,Yi Syllable Luop,luop
U+A1C7,ꇇ,Yi Syllable Lot,lot
U+A1C8,ꇈ,Yi Syllable Lox,lox
U+A1C9,ꇉ,Yi Syllable Lo,lo
U+A1CA,ꇊ,Yi Syllable Lop,lop
U+A1CB,ꇋ,Yi Syllable Lex,lex
U+A1CC,ꇌ,Yi Syllable Le,le
U+A1CD,ꇍ,Yi Syllable Lep,lep
U+A1CE,ꇎ,Yi Syllable Lut,lut
U+A1CF,ꇏ,Yi Syllable Lux,lux
U+A1D0,ꇐ,Yi Syllable Lu,lu
U+A1D1,ꇑ,Yi Syllable Lup,lup
U+A1D2,ꇒ,Yi Syllable Lurx,lurx
U+A1D3,ꇓ,Yi Syllable Lur,lur
U+A1D4,ꇔ,Yi Syllable Lyt,lyt
U+A1D5,ꇕ,Yi Syllable Lyx,lyx
U+A1D6,ꇖ,Yi Syllable Ly,ly
U+A1D7,ꇗ,Yi Syllable Lyp,lyp
U+A1D8,ꇘ,Yi Syllable Lyrx,lyrx
U+A1D9,ꇙ,Yi Syllable Lyr,lyr
U+A1DA,ꇚ,Yi Syllable Git,git
U+A1DB,ꇛ,Yi Syllable Gix,gix
U+A1DC,ꇜ,Yi Syllable Gi,gi
U+A1DD,ꇝ,Yi Syllable Gip,gip
U+A1DE,ꇞ,Yi Syllable Giet,giet
U+A1DF,ꇟ,Yi Syllable Giex,giex
U+A1E0,ꇠ,Yi Syllable Gie,gie
U+A1E1,ꇡ,Yi Syllable Giep,giep
U+A1E2,ꇢ,Yi Syllable Gat,gat
U+A1E3,ꇣ,Yi Syllable Gax,gax
U+A1E4,ꇤ,Yi Syllable Ga,ga
U+A1E5,ꇥ,Yi Syllable Gap,gap
U+A1E6,ꇦ,Yi Syllable Guot,guot
U+A1E7,ꇧ,Yi Syllable Guox,guox
U+A1E8,ꇨ,Yi Syllable Guo,guo
U+A1E9,ꇩ,Yi Syllable Guop,guop
U+A1EA,ꇪ,Yi Syllable Got,got
U+A1EB,ꇫ,Yi Syllable Gox,gox
U+A1EC,ꇬ,Yi Syllable Go,go
U+A1ED,ꇭ,Yi Syllable Gop,gop
U+A1EE,ꇮ,Yi Syllable Get,get
U+A1EF,ꇯ,Yi Syllable Gex,gex
U+A1F0,ꇰ,Yi Syllable Ge,ge
U+A1F1,ꇱ,Yi Syllable Gep,gep
U+A1F2,ꇲ,Yi Syllable Gut,gut
U+A1F3,ꇳ,Yi Syllable Gux,gux
U+A1F4,ꇴ,Yi Syllable Gu,gu
U+A1F5,ꇵ,Yi Syllable Gup,gup
U+A1F6,ꇶ,Yi Syllable Gurx,gurx
U+A1F7,ꇷ,Yi Syllable Gur,gur
U+A1F8,ꇸ,Yi Syllable Kit,kit
U+A1F9,ꇹ,Yi Syllable Kix,kix
U+A1FA,ꇺ,Yi Syllable Ki,ki
U+A1FB,ꇻ,Yi Syllable Kip,kip
U+A1FC,ꇼ,Yi Syllable Kiex,kiex
U+A1FD,ꇽ,Yi Syllable Kie,kie
U+A1FE,ꇾ,Yi Syllable Kiep,kiep
U+A1FF,ꇿ,Yi Syllable Kat,kat
U+A200,ꈀ,Yi Syllable Kax,kax
U+A201,ꈁ,Yi Syllable Ka,ka
U+A202,ꈂ,Yi Syllable Kap,kap
U+A203,ꈃ,Yi Syllable Kuox,kuox
U+A204,ꈄ,Yi Syllable Kuo,kuo
U+A205,ꈅ,Yi Syllable Kuop,kuop
U+A206,ꈆ,Yi Syllable Kot,kot
U+A207,ꈇ,Yi Syllable Kox,kox
U+A208,ꈈ,Yi Syllable Ko,ko
U+A209,ꈉ,Yi Syllable Kop,kop
U+A20A,ꈊ,Yi Syllable Ket,ket
U+A20B,ꈋ,Yi Syllable Kex,kex
U+A20C,ꈌ,Yi Syllable Ke,ke
U+A20D,ꈍ,Yi Syllable Kep,kep
U+A20E,ꈎ,Yi Syllable Kut,kut
U+A20F,ꈏ,Yi Syllable Kux,kux
U+A210,ꈐ,Yi Syllable Ku,ku
U+A211,ꈑ,Yi Syllable Kup,kup
U+A212,ꈒ,Yi Syllable Kurx,kurx
U+A213,ꈓ,Yi Syllable Kur,kur
U+A214,ꈔ,Yi Syllable Ggit,ggit
U+A215,ꈕ,Yi Syllable Ggix,ggix
U+A216,ꈖ,Yi Syllable Ggi,ggi
U+A217,ꈗ,Yi Syllable Ggiex,ggiex
U+A218,ꈘ,Yi Syllable Ggie,ggie
U+A219,ꈙ,Yi Syllable Ggiep,ggiep
U+A21A,ꈚ,Yi Syllable Ggat,ggat
U+A21B,ꈛ,Yi Syllable Ggax,ggax
U+A21C,ꈜ,Yi Syllable Gga,gga
U+A21D,ꈝ,Yi Syllable Ggap,ggap
U+A21E,ꈞ,Yi Syllable Gguot,gguot
U+A21F,ꈟ,Yi Syllable Gguox,gguox
U+A220,ꈠ,Yi Syllable Gguo,gguo
U+A221,ꈡ,Yi Syllable Gguop,gguop
U+A222,ꈢ,Yi Syllable Ggot,ggot
U+A223,ꈣ,Yi Syllable Ggox,ggox
U+A224,ꈤ,Yi Syllable Ggo,ggo
U+A225,ꈥ,Yi Syllable Ggop,ggop
U+A226,ꈦ,Yi Syllable Gget,gget
U+A227,ꈧ,Yi Syllable Ggex,ggex
U+A228,ꈨ,Yi Syllable Gge,gge
U+A229,ꈩ,Yi Syllable Ggep,ggep
U+A22A,ꈪ,Yi Syllable Ggut,ggut
U+A22B,ꈫ,Yi Syllable Ggux,ggux
U+A22C,ꈬ,Yi Syllable Ggu,ggu
U+A22D,ꈭ,Yi Syllable Ggup,ggup
U+A22E,ꈮ,Yi Syllable Ggurx,ggurx
U+A22F,ꈯ,Yi Syllable Ggur,ggur
U+A230,ꈰ,Yi Syllable Mgiex,mgiex
U+A231,ꈱ,Yi Syllable Mgie,mgie
U+A232,ꈲ,Yi Syllable Mgat,mgat
U+A233,ꈳ,Yi Syllable Mgax,mgax
U+A234,ꈴ,Yi Syllable Mga,mga
U+A235,ꈵ,Yi Syllable Mgap,mgap
U+A236,ꈶ,Yi Syllable Mguox,mguox
U+A237,ꈷ,Yi Syllable Mguo,mguo
U+A238,ꈸ,Yi Syllable Mguop,mguop
U+A239,ꈹ,Yi Syllable Mgot,mgot
U+A23A,ꈺ,Yi Syllable Mgox,mgox
U+A23B,ꈻ,Yi Syllable Mgo,mgo
U+A23C,ꈼ,Yi Syllable Mgop,mgop
U+A23D,ꈽ,Yi Syllable Mgex,mgex
U+A23E,ꈾ,Yi Syllable Mge,mge
U+A23F,ꈿ,Yi Syllable Mgep,mgep
U+A240,ꉀ,Yi Syllable Mgut,mgut
U+A241,ꉁ,Yi Syllable Mgux,mgux
U+A242,ꉂ,Yi Syllable Mgu,mgu
U+A243,ꉃ,Yi Syllable Mgup,mgup
U+A244,ꉄ,Yi Syllable Mgurx,mgurx
U+A245,ꉅ,Yi Syllable Mgur,mgur
U+A246,ꉆ,Yi Syllable Hxit,hxit
U+A247,ꉇ,Yi Syllable Hxix,hxix
U+A248,ꉈ,Yi Syllable Hxi,hxi
U+A249,ꉉ,Yi Syllable Hxip,hxip
U+A24A,ꉊ,Yi Syllable Hxiet,hxiet
U+A24B,ꉋ,Yi Syllable Hxiex,hxiex
U+A24C,ꉌ,Yi Syllable Hxie,hxie
U+A24D,ꉍ,Yi Syllable Hxiep,hxiep
U+A24E,ꉎ,Yi Syllable Hxat,hxat
U+A24F,ꉏ,Yi Syllable Hxax,hxax
U+A250,ꉐ,Yi Syllable Hxa,hxa
U+A251,ꉑ,Yi Syllable Hxap,hxap
U+A252,ꉒ,Yi Syllable Hxuot,hxuot
U+A253,ꉓ,Yi Syllable Hxuox,hxuox
U+A254,ꉔ,Yi Syllable Hxuo,hxuo
U+A255,ꉕ,Yi Syllable Hxuop,hxuop
U+A256,ꉖ,Yi Syllable Hxot,hxot
U+A257,ꉗ,Yi Syllable Hxox,hxox
U+A258,ꉘ,Yi Syllable Hxo,hxo
U+A259,ꉙ,Yi Syllable Hxop,hxop
U+A25A,ꉚ,Yi Syllable Hxex,hxex
U+A25B,ꉛ,Yi Syllable Hxe,hxe
U+A25C,ꉜ,Yi Syllable Hxep,hxep
U+A25D,ꉝ,Yi Syllable Ngiex,ngiex
U+A25E,ꉞ,Yi Syllable Ngie,ngie
U+A25F,ꉟ,Yi Syllable Ngiep,ngiep
U+A260,ꉠ,Yi Syllable Ngat,ngat
U+A261,ꉡ,Yi Syllable Ngax,ngax
U+A262,ꉢ,Yi Syllable Nga,nga
U+A263,ꉣ,Yi Syllable Ngap,ngap
U+A264,ꉤ,Yi Syllable Nguot,nguot
U+A265,ꉥ,Yi Syllable Nguox,nguox
U+A266,ꉦ,Yi Syllable Nguo,nguo
U+A267,ꉧ,Yi Syllable Ngot,ngot
U+A268,ꉨ,Yi Syllable Ngox,ngox
U+A269,ꉩ,Yi Syllable Ngo,ngo
U+A26A,ꉪ,Yi Syllable Ngop,ngop
U+A26B,ꉫ,Yi Syllable Ngex,ngex
U+A26C,ꉬ,Yi Syllable Nge,nge
U+A26D,ꉭ,Yi Syllable Ngep,ngep
U+A26E,ꉮ,Yi Syllable Hit,hit
U+A26F,ꉯ,Yi Syllable Hiex,hiex
U+A270,ꉰ,Yi Syllable Hie,hie
U+A271,ꉱ,Yi Syllable Hat,hat
U+A272,ꉲ,Yi Syllable Hax,hax
U+A273,ꉳ,Yi Syllable Ha,ha
U+A274,ꉴ,Yi Syllable Hap,hap
U+A275,ꉵ,Yi Syllable Huot,huot
U+A276,ꉶ,Yi Syllable Huox,huox
U+A277,ꉷ,Yi Syllable Huo,huo
U+A278,ꉸ,Yi Syllable Huop,huop
U+A279,ꉹ,Yi Syllable Hot,hot
U+A27A,ꉺ,Yi Syllable Hox,hox
U+A27B,ꉻ,Yi Syllable Ho,ho
U+A27C,ꉼ,Yi Syllable Hop,hop
U+A27D,ꉽ,Yi Syllable Hex,hex
U+A27E,ꉾ,Yi Syllable He,he
U+A27F,ꉿ,Yi Syllable Hep,hep
U+A280,ꊀ,Yi Syllable Wat,wat
U+A281,ꊁ,Yi Syllable Wax,wax
U+A282,ꊂ,Yi Syllable Wa,wa
U+A283,ꊃ,Yi Syllable Wap,wap
U+A284,ꊄ,Yi Syllable Wuox,wuox
U+A285,ꊅ,Yi Syllable Wuo,wuo
U+A286,ꊆ,Yi Syllable Wuop,wuop
U+A287,ꊇ,Yi Syllable Wox,wox
U+A288,ꊈ,Yi Syllable Wo,wo
U+A289,ꊉ,Yi Syllable Wop,wop
U+A28A,ꊊ,Yi Syllable Wex,wex
U+A28B,ꊋ,Yi Syllable We,we
U+A28C,ꊌ,Yi Syllable Wep,wep
U+A28D,ꊍ,Yi Syllable Zit,zit
U+A28E,ꊎ,Yi Syllable Zix,zix
U+A28F,ꊏ,Yi Syllable Zi,zi
U+A290,ꊐ,Yi Syllable Zip,zip
U+A291,ꊑ,Yi Syllable Ziex,ziex
U+A292,ꊒ,Yi Syllable Zie,zie
U+A293,ꊓ,Yi Syllable Ziep,ziep
U+A294,ꊔ,Yi Syllable Zat,zat
U+A295,ꊕ,Yi Syllable Zax,zax
U+A296,ꊖ,Yi Syllable Za,za
U+A297,ꊗ,Yi Syllable Zap,zap
U+A298,ꊘ,Yi Syllable Zuox,zuox
U+A299,ꊙ,Yi Syllable Zuo,zuo
U+A29A,ꊚ,Yi Syllable Zuop,zuop
U+A29B,ꊛ,Yi Syllable Zot,zot
U+A29C,ꊜ,Yi Syllable Zox,zox
U+A29D,ꊝ,Yi Syllable Zo,zo
U+A29E,ꊞ,Yi Syllable Zop,zop
U+A29F,ꊟ,Yi Syllable Zex,zex
U+A2A0,ꊠ,Yi Syllable Ze,ze
U+A2A1,ꊡ,Yi Syllable Zep,zep
U+A2A2,ꊢ,Yi Syllable Zut,zut
U+A2A3,ꊣ,Yi Syllable Zux,zux
U+A2A4,ꊤ,Yi Syllable Zu,zu
U+A2A5,ꊥ,Yi Syllable Zup,zup
U+A2A6,ꊦ,Yi Syllable Zurx,zurx
U+A2A7,ꊧ,Yi Syllable Zur,zur
U+A2A8,ꊨ,Yi Syllable Zyt,zyt
U+A2A9,ꊩ,Yi Syllable Zyx,zyx
U+A2AA,ꊪ,Yi Syllable Zy,zy
U+A2AB,ꊫ,Yi Syllable Zyp,zyp
U+A2AC,ꊬ,Yi Syllable Zyrx,zyrx
U+A2AD,ꊭ,Yi Syllable Zyr,zyr
U+A2AE,ꊮ,Yi Syllable Cit,cit
U+A2AF,ꊯ,Yi Syllable Cix,cix
U+A2B0,ꊰ,Yi Syllable Ci,ci
U+A2B1,ꊱ,Yi Syllable Cip,cip
U+A2B2,ꊲ,Yi Syllable Ciet,ciet
U+A2B3,ꊳ,Yi Syllable Ciex,ciex
U+A2B4,ꊴ,Yi Syllable Cie,cie
U+A2B5,ꊵ,Yi Syllable Ciep,ciep
U+A2B6,ꊶ,Yi Syllable Cat,cat
U+A2B7,ꊷ,Yi Syllable Cax,cax
U+A2B8,ꊸ,Yi Syllable Ca,ca
U+A2B9,ꊹ,Yi Syllable Cap,cap
U+A2BA,ꊺ,Yi Syllable Cuox,cuox
U+A2BB,ꊻ,Yi Syllable Cuo,cuo
U+A2BC,ꊼ,Yi Syllable Cuop,cuop
U+A2BD,ꊽ,Yi Syllable Cot,cot
U+A2BE,ꊾ,Yi Syllable Cox,cox
U+A2BF,ꊿ,Yi Syllable Co,co
U+A2C0,ꋀ,Yi Syllable Cop,cop
U+A2C1,ꋁ,Yi Syllable Cex,cex
U+A2C2,ꋂ,Yi Syllable Ce,ce
U+A2C3,ꋃ,Yi Syllable Cep,cep
U+A2C4,ꋄ,Yi Syllable Cut,cut
U+A2C5,ꋅ,Yi Syllable Cux,cux
U+A2C6,ꋆ,Yi Syllable Cu,cu
U+A2C7,ꋇ,Yi Syllable Cup,cup
U+A2C8,ꋈ,Yi Syllable Curx,curx
U+A2C9,ꋉ,Yi Syllable Cur,cur
U+A2CA,ꋊ,Yi Syllable Cyt,cyt
U+A2CB,ꋋ,Yi Syllable Cyx,cyx
U+A2CC,ꋌ,Yi Syllable Cy,cy
U+A2CD,ꋍ,Yi Syllable Cyp,cyp
U+A2CE,ꋎ,Yi Syllable Cyrx,cyrx
U+A2CF,ꋏ,Yi Syllable Cyr,cyr
U+A2D0,ꋐ,Yi Syllable Zzit,zzit
U+A2D1,ꋑ,Yi Syllable Zzix,zzix
U+A2D2,ꋒ,Yi Syllable Zzi,zzi
U+A2D3,ꋓ,Yi Syllable Zzip,zzip
U+A2D4,ꋔ,Yi Syllable Zziet,zziet
U+A2D5,ꋕ,Yi Syllable Zziex,zziex
U+A2D6,ꋖ,Yi Syllable Zzie,zzie
U+A2D7,ꋗ,Yi Syllable Zziep,zziep
U+A2D8,ꋘ,Yi Syllable Zzat,zzat
U+A2D9,ꋙ,Yi Syllable Zzax,zzax
U+A2DA,ꋚ,Yi Syllable Zza,zza
U+A2DB,ꋛ,Yi Syllable Zzap,zzap
U+A2DC,ꋜ,Yi Syllable Zzox,zzox
U+A2DD,ꋝ,Yi Syllable Zzo,zzo
U+A2DE,ꋞ,Yi Syllable Zzop,zzop
U+A2DF,ꋟ,Yi Syllable Zzex,zzex
U+A2E0,ꋠ,Yi Syllable Zze,zze
U+A2E1,ꋡ,Yi Syllable Zzep,zzep
U+A2E2,ꋢ,Yi Syllable Zzux,zzux
U+A2E3,ꋣ,Yi Syllable Zzu,zzu
U+A2E4,ꋤ,Yi Syllable Zzup,zzup
U+A2E5,ꋥ,Yi Syllable Zzurx,zzurx
U+A2E6,ꋦ,Yi Syllable Zzur,zzur
U+A2E7,ꋧ,Yi Syllable Zzyt,zzyt
U+A2E8,ꋨ,Yi Syllable Zzyx,zzyx
U+A2E9,ꋩ,Yi Syllable Zzy,zzy
U+A2EA,ꋪ,Yi Syllable Zzyp,zzyp
U+A2EB,ꋫ,Yi Syllable Zzyrx,zzyrx
U+A2EC,ꋬ,Yi Syllable Zzyr,zzyr
U+A2ED,ꋭ,Yi Syllable Nzit,nzit
U+A2EE,ꋮ,Yi Syllable Nzix,nzix
U+A2EF,ꋯ,Yi Syllable Nzi,nzi
U+A2F0,ꋰ,Yi Syllable Nzip,nzip
U+A2F1,ꋱ,Yi Syllable Nziex,nziex
U+A2F2,ꋲ,Yi Syllable Nzie,nzie
U+A2F3,ꋳ,Yi Syllable Nziep,nziep
U+A2F4,ꋴ,Yi Syllable Nzat,nzat
U+A2F5,ꋵ,Yi Syllable Nzax,nzax
U+A2F6,ꋶ,Yi Syllable Nza,nza
U+A2F7,ꋷ,Yi Syllable Nzap,nzap
U+A2F8,ꋸ,Yi Syllable Nzuox,nzuox
U+A2F9,ꋹ,Yi Syllable Nzuo,nzuo
U+A2FA,ꋺ,Yi Syllable Nzox,nzox
U+A2FB,ꋻ,Yi Syllable Nzop,nzop
U+A2FC,ꋼ,Yi Syllable Nzex,nzex
U+A2FD,ꋽ,Yi Syllable Nze,nze
U+A2FE,ꋾ,Yi Syllable Nzux,nzux
U+A2FF,ꋿ,Yi Syllable Nzu,nzu
U+A300,ꌀ,Yi Syllable Nzup,nzup
U+A301,ꌁ,Yi Syllable Nzurx,nzurx
U+A302,ꌂ,Yi Syllable Nzur,nzur
U+A303,ꌃ,Yi Syllable Nzyt,nzyt
U+A304,ꌄ,Yi Syllable Nzyx,nzyx
U+A305,ꌅ,Yi Syllable Nzy,nzy
U+A306,ꌆ,Yi Syllable Nzyp,nzyp
U+A307,ꌇ,Yi Syllable Nzyrx,nzyrx
U+A308,ꌈ,Yi Syllable Nzyr,nzyr
U+A309,ꌉ,Yi Syllable Sit,sit
U+A30A,ꌊ,Yi Syllable Six,six
U+A30B,ꌋ,Yi Syllable Si,si
U+A30C,ꌌ,Yi Syllable Sip,sip
U+A30D,ꌍ,Yi Syllable Siex,siex
U+A30E,ꌎ,Yi Syllable Sie,sie
U+A30F,ꌏ,Yi Syllable Siep,siep
U+A310,ꌐ,Yi Syllable Sat,sat
U+A311,ꌑ,Yi Syllable Sax,sax
U+A312,ꌒ,Yi Syllable Sa,sa
U+A313,ꌓ,Yi Syllable Sap,sap
U+A314,ꌔ,Yi Syllable Suox,suox
U+A315,ꌕ,Yi Syllable Suo,suo
U+A316,ꌖ,Yi Syllable Suop,suop
U+A317,ꌗ,Yi Syllable Sot,sot
U+A318,ꌘ,Yi Syllable Sox,sox
U+A319,ꌙ,Yi Syllable So,so
U+A31A,ꌚ,Yi Syllable Sop,sop
U+A31B,ꌛ,Yi Syllable Sex,sex
U+A31C,ꌜ,Yi Syllable Se,se
U+A31D,ꌝ,Yi Syllable Sep,sep
U+A31E,ꌞ,Yi Syllable Sut,sut
U+A31F,ꌟ,Yi Syllable Sux,sux
U+A320,ꌠ,Yi Syllable Su,su
U+A321,ꌡ,Yi Syllable Sup,sup
U+A322,ꌢ,Yi Syllable Surx,surx
U+A323,ꌣ,Yi Syllable Sur,sur
U+A324,ꌤ,Yi Syllable Syt,syt
U+A325,ꌥ,Yi Syllable Syx,syx
U+A326,ꌦ,Yi Syllable Sy,sy
U+A327,ꌧ,Yi Syllable Syp,syp
U+A328,ꌨ,Yi Syllable Syrx,syrx
U+A329,ꌩ,Yi Syllable Syr,syr
U+A32A,ꌪ,Yi Syllable Ssit,ssit
U+A32B,ꌫ,Yi Syllable Ssix,ssix
U+A32C,ꌬ,Yi Syllable Ssi,ssi
U+A32D,ꌭ,Yi Syllable Ssip,ssip
U+A32E,ꌮ,Yi Syllable Ssiex,ssiex
U+A32F,ꌯ,Yi Syllable Ssie,ssie
U+A330,ꌰ,Yi Syllable Ssiep,ssiep
U+A331,ꌱ,Yi Syllable Ssat,ssat
U+A332,ꌲ,Yi Syllable Ssax,ssax
U+A333,ꌳ,Yi Syllable Ssa,ssa
U+A334,ꌴ,Yi Syllable Ssap,ssap
U+A335,ꌵ,Yi Syllable Ssot,ssot
U+A336,ꌶ,Yi Syllable Ssox,ssox
U+A337,ꌷ,Yi Syllable Sso,sso
U+A338,ꌸ,Yi Syllable Ssop,ssop
U+A339,ꌹ,Yi Syllable Ssex,ssex
U+A33A,ꌺ,Yi Syllable Sse,sse
U+A33B,ꌻ,Yi Syllable Ssep,ssep
U+A33C,ꌼ,Yi Syllable Ssut,ssut
U+A33D,ꌽ,Yi Syllable Ssux,ssux
U+A33E,ꌾ,Yi Syllable Ssu,ssu
U+A33F,ꌿ,Yi Syllable Ssup,ssup
U+A340,ꍀ,Yi Syllable Ssyt,ssyt
U+A341,ꍁ,Yi Syllable Ssyx,ssyx
U+A342,ꍂ,Yi Syllable Ssy,ssy
U+A343,ꍃ,Yi Syllable Ssyp,ssyp
U+A344,ꍄ,Yi Syllable Ssyrx,ssyrx
U+A345,ꍅ,Yi Syllable Ssyr,ssyr
U+A346,ꍆ,Yi Syllable Zhat,zhat
U+A347,ꍇ,Yi Syllable Zhax,zhax
U+A348,ꍈ,Yi Syllable Zha,zha
U+A349,ꍉ,Yi Syllable Zhap,zhap
U+A34A,ꍊ,Yi Syllable Zhuox,zhuox
U+A34B,ꍋ,Yi Syllable Zhuo,zhuo
U+A34C,ꍌ,Yi Syllable Zhuop,zhuop
U+A34D,ꍍ,Yi Syllable Zhot,zhot
U+A34E,ꍎ,Yi Syllable Zhox,zhox
U+A34F,ꍏ,Yi Syllable Zho,zho
U+A350,ꍐ,Yi Syllable Zhop,zhop
U+A351,ꍑ,Yi Syllable Zhet,zhet
U+A352,ꍒ,Yi Syllable Zhex,zhex
U+A353,ꍓ,Yi Syllable Zhe,zhe
U+A354,ꍔ,Yi Syllable Zhep,zhep
U+A355,ꍕ,Yi Syllable Zhut,zhut
U+A356,ꍖ,Yi Syllable Zhux,zhux
U+A357,ꍗ,Yi Syllable Zhu,zhu
U+A358,ꍘ,Yi Syllable Zhup,zhup
U+A359,ꍙ,Yi Syllable Zhurx,zhurx
U+A35A,ꍚ,Yi Syllable Zhur,zhur
U+A35B,ꍛ,Yi Syllable Zhyt,zhyt
U+A35C,ꍜ,Yi Syllable Zhyx,zhyx
U+A35D,ꍝ,Yi Syllable Zhy,zhy
U+A35E,ꍞ,Yi Syllable Zhyp,zhyp
U+A35F,ꍟ,Yi Syllable Zhyrx,zhyrx
U+A360,ꍠ,Yi Syllable Zhyr,zhyr
U+A361,ꍡ,Yi Syllable Chat,chat
U+A362,ꍢ,Yi Syllable Chax,chax
U+A363,ꍣ,Yi Syllable Cha,cha
U+A364,ꍤ,Yi Syllable Chap,chap
U+A365,ꍥ,Yi Syllable Chuot,chuot
U+A366,ꍦ,Yi Syllable Chuox,chuox
U+A367,ꍧ,Yi Syllable Chuo,chuo
U+A368,ꍨ,Yi Syllable Chuop,chuop
U+A369,ꍩ,Yi Syllable Chot,chot
U+A36A,ꍪ,Yi Syllable Chox,chox
U+A36B,ꍫ,Yi Syllable Cho,cho
U+A36C,ꍬ,Yi Syllable Chop,chop
U+A36D,ꍭ,Yi Syllable Chet,chet
U+A36E,ꍮ,Yi Syllable Chex,chex
U+A36F,ꍯ,Yi Syllable Che,che
U+A370,ꍰ,Yi Syllable Chep,chep
U+A371,ꍱ,Yi Syllable Chux,chux
U+A372,ꍲ,Yi Syllable Chu,chu
U+A373,ꍳ,Yi Syllable Chup,chup
U+A374,ꍴ,Yi Syllable Churx,churx
U+A375,ꍵ,Yi Syllable Chur,chur
U+A376,ꍶ,Yi Syllable Chyt,chyt
U+A377,ꍷ,Yi Syllable Chyx,chyx
U+A378,ꍸ,Yi Syllable Chy,chy
U+A379,ꍹ,Yi Syllable Chyp,chyp
U+A37A,ꍺ,Yi Syllable Chyrx,chyrx
U+A37B,ꍻ,Yi Syllable Chyr,chyr
U+A37C,ꍼ,Yi Syllable Rrax,rrax
U+A37D,ꍽ,Yi Syllable Rra,rra
U+A37E,ꍾ,Yi Syllable Rruox,rruox
U+A37F,ꍿ,Yi Syllable Rruo,rruo
U+A380,ꎀ,Yi Syllable Rrot,rrot
U+A381,ꎁ,Yi Syllable Rrox,rrox
U+A382,ꎂ,Yi Syllable Rro,rro
U+A383,ꎃ,Yi Syllable Rrop,rrop
U+A384,ꎄ,Yi Syllable Rret,rret
U+A385,ꎅ,Yi Syllable Rrex,rrex
U+A386,ꎆ,Yi Syllable Rre,rre
U+A387,ꎇ,Yi Syllable Rrep,rrep
U+A388,ꎈ,Yi Syllable Rrut,rrut
U+A389,ꎉ,Yi Syllable Rrux,rrux
U+A38A,ꎊ,Yi Syllable Rru,rru
U+A38B,ꎋ,Yi Syllable Rrup,rrup
U+A38C,ꎌ,Yi Syllable Rrurx,rrurx
U+A38D,ꎍ,Yi Syllable Rrur,rrur
U+A38E,ꎎ,Yi Syllable Rryt,rryt
U+A38F,ꎏ,Yi Syllable Rryx,rryx
U+A390,ꎐ,Yi Syllable Rry,rry
U+A391,ꎑ,Yi Syllable Rryp,rryp
U+A392,ꎒ,Yi Syllable Rryrx,rryrx
U+A393,ꎓ,Yi Syllable Rryr,rryr
U+A394,ꎔ,Yi Syllable Nrat,nrat
U+A395,ꎕ,Yi Syllable Nrax,nrax
U+A396,ꎖ,Yi Syllable Nra,nra
U+A397,ꎗ,Yi Syllable Nrap,nrap
U+A398,ꎘ,Yi Syllable Nrox,nrox
U+A399,ꎙ,Yi Syllable Nro,nro
U+A39A,ꎚ,Yi Syllable Nrop,nrop
U+A39B,ꎛ,Yi Syllable Nret,nret
U+A39C,ꎜ,Yi Syllable Nrex,nrex
U+A39D,ꎝ,Yi Syllable Nre,nre
U+A39E,ꎞ,Yi Syllable Nrep,nrep
U+A39F,ꎟ,Yi Syllable Nrut,nrut
U+A3A0,ꎠ,Yi Syllable Nrux,nrux
U+A3A1,ꎡ,Yi Syllable Nru,nru
U+A3A2,ꎢ,Yi Syllable Nrup,nrup
U+A3A3,ꎣ,Yi Syllable Nrurx,nrurx
U+A3A4,ꎤ,Yi Syllable Nrur,nrur
U+A3A5,ꎥ,Yi Syllable Nryt,nryt
U+A3A6,ꎦ,Yi Syllable Nryx,nryx
U+A3A7,ꎧ,Yi Syllable Nry,nry
U+A3A8,ꎨ,Yi Syllable Nryp,nryp
U+A3A9,ꎩ,Yi Syllable Nryrx,nryrx
U+A3AA,ꎪ,Yi Syllable Nryr,nryr
U+A3AB,ꎫ,Yi Syllable Shat,shat
U+A3AC,ꎬ,Yi Syllable Shax,shax
U+A3AD,ꎭ,Yi Syllable Sha,sha
U+A3AE,ꎮ,Yi Syllable Shap,shap
U+A3AF,ꎯ,Yi Syllable Shuox,shuox
U+A3B0,ꎰ,Yi Syllable Shuo,shuo
U+A3B1,ꎱ,Yi Syllable Shuop,shuop
U+A3B2,ꎲ,Yi Syllable Shot,shot
U+A3B3,ꎳ,Yi Syllable Shox,shox
U+A3B4,ꎴ,Yi Syllable Sho,sho
U+A3B5,ꎵ,Yi Syllable Shop,shop
U+A3B6,ꎶ,Yi Syllable Shet,shet
U+A3B7,ꎷ,Yi Syllable Shex,shex
U+A3B8,ꎸ,Yi Syllable She,she
U+A3B9,ꎹ,Yi Syllable Shep,shep
U+A3BA,ꎺ,Yi Syllable Shut,shut
U+A3BB,ꎻ,Yi Syllable Shux,shux
U+A3BC,ꎼ,Yi Syllable Shu,shu
U+A3BD,ꎽ,Yi Syllable Shup,shup
U+A3BE,ꎾ,Yi Syllable Shurx,shurx
U+A3BF,ꎿ,Yi Syllable Shur,shur
U+A3C0,ꏀ,Yi Syllable Shyt,shyt
U+A3C1,ꏁ,Yi Syllable Shyx,shyx
U+A3C2,ꏂ,Yi Syllable Shy,shy
U+A3C3,ꏃ,Yi Syllable Shyp,shyp
U+A3C4,ꏄ,Yi Syllable Shyrx,shyrx
U+A3C5,ꏅ,Yi Syllable Shyr,shyr
U+A3C6,ꏆ,Yi Syllable Rat,rat
U+A3C7,ꏇ,Yi Syllable Rax,rax
U+A3C8,ꏈ,Yi Syllable Ra,ra
U+A3C9,ꏉ,Yi Syllable Rap,rap
U+A3CA,ꏊ,Yi Syllable Ruox,ruox
U+A3CB,ꏋ,Yi Syllable Ruo,ruo
U+A3CC,ꏌ,Yi Syllable Ruop,ruop
U+A3CD,ꏍ,Yi Syllable Rot,rot
U+A3CE,ꏎ,Yi Syllable Rox,rox
U+A3CF,ꏏ,Yi Syllable Ro,ro
U+A3D0,ꏐ,Yi Syllable Rop,rop
U+A3D1,ꏑ,Yi Syllable Rex,rex
U+A3D2,ꏒ,Yi Syllable Re,re
U+A3D3,ꏓ,Yi Syllable Rep,rep
U+A3D4,ꏔ,Yi Syllable Rut,rut
U+A3D5,ꏕ,Yi Syllable Rux,rux
U+A3D6,ꏖ,Yi Syllable Ru,ru
U+A3D7,ꏗ,Yi Syllable Rup,rup
U+A3D8,ꏘ,Yi Syllable Rurx,rurx
U+A3D9,ꏙ,Yi Syllable Rur,rur
U+A3DA,ꏚ,Yi Syllable Ryt,ryt
U+A3DB,ꏛ,Yi Syllable Ryx,ryx
U+A3DC,ꏜ,Yi Syllable Ry,ry
U+A3DD,ꏝ,Yi Syllable Ryp,ryp
U+A3DE,ꏞ,Yi Syllable Ryrx,ryrx
U+A3DF,ꏟ,Yi Syllable Ryr,ryr
U+A3E0,ꏠ,Yi Syllable Jit,jit
U+A3E1,ꏡ,Yi Syllable Jix,jix
U+A3E2,ꏢ,Yi Syllable Ji,ji
U+A3E3,ꏣ,Yi Syllable Jip,jip
U+A3E4,ꏤ,Yi Syllable Jiet,jiet
U+A3E5,ꏥ,Yi Syllable Jiex,jiex
U+A3E6,ꏦ,Yi Syllable Jie,jie
U+A3E7,ꏧ,Yi Syllable Jiep,jiep
U+A3E8,ꏨ,Yi Syllable Juot,juot
U+A3E9,ꏩ,Yi Syllable Juox,juox
U+A3EA,ꏪ,Yi Syllable Juo,juo
U+A3EB,ꏫ,Yi Syllable Juop,juop
U+A3EC,ꏬ,Yi Syllable Jot,jot
U+A3ED,ꏭ,Yi Syllable Jox,jox
U+A3EE,ꏮ,Yi Syllable Jo,jo
U+A3EF,ꏯ,Yi Syllable Jop,jop
U+A3F0,ꏰ,Yi Syllable Jut,jut
U+A3F1,ꏱ,Yi Syllable Jux,jux
U+A3F2,ꏲ,Yi Syllable Ju,ju
U+A3F3,ꏳ,Yi Syllable Jup,jup
U+A3F4,ꏴ,Yi Syllable Jurx,jurx
U+A3F5,ꏵ,Yi Syllable Jur,jur
U+A3F6,ꏶ,Yi Syllable Jyt,jyt
U+A3F7,ꏷ,Yi Syllable Jyx,jyx
U+A3F8,ꏸ,Yi Syllable Jy,jy
U+A3F9,ꏹ,Yi Syllable Jyp,jyp
U+A3FA,ꏺ,Yi Syllable Jyrx,jyrx
U+A3FB,ꏻ,Yi Syllable Jyr,jyr
U+A3FC,ꏼ,Yi Syllable Qit,qit
U+A3FD,ꏽ,Yi Syllable Qix,qix
U+A3FE,ꏾ,Yi Syllable Qi,qi
U+A3FF,ꏿ,Yi Syllable Qip,qip
U+A400,ꐀ,Yi Syllable Qiet,qiet
U+A401,ꐁ,Yi Syllable Qiex,qiex
U+A402,ꐂ,Yi Syllable Qie,qie
U+A403,ꐃ,Yi Syllable Qiep,qiep
U+A404,ꐄ,Yi Syllable Quot,quot
U+A405,ꐅ,Yi Syllable Quox,quox
U+A406,ꐆ,Yi Syllable Quo,quo
U+A407,ꐇ,Yi Syllable Quop,quop
U+A408,ꐈ,Yi Syllable Qot,qot
U+A409,ꐉ,Yi Syllable Qox,qox
U+A40A,ꐊ,Yi Syllable Qo,qo
U+A40B,ꐋ,Yi Syllable Qop,qop
U+A40C,ꐌ,Yi Syllable Qut,qut
U+A40D,ꐍ,Yi Syllable Qux,qux
U+A40E,ꐎ,Yi Syllable Qu,qu
U+A40F,ꐏ,Yi Syllable Qup,qup
U+A410,ꐐ,Yi Syllable Qurx,qurx
U+A411,ꐑ,Yi Syllable Qur,qur
U+A412,ꐒ,Yi Syllable Qyt,qyt
U+A413,ꐓ,Yi Syllable Qyx,qyx
U+A414,ꐔ,Yi Syllable Qy,qy
U+A415,ꐕ,Yi Syllable Qyp,qyp
U+A416,ꐖ,Yi Syllable Qyrx,qyrx
U+A417,ꐗ,Yi Syllable Qyr,qyr
U+A418,ꐘ,Yi Syllable Jjit,jjit
U+A419,ꐙ,Yi Syllable Jjix,jjix
U+A41A,ꐚ,Yi Syllable Jji,jji
U+A41B,ꐛ,Yi Syllable Jjip,jjip
U+A41C,ꐜ,Yi Syllable Jjiet,jjiet
U+A41D,ꐝ,Yi Syllable Jjiex,jjiex
U+A41E,ꐞ,Yi Syllable Jjie,jjie
U+A41F,ꐟ,Yi Syllable Jjiep,jjiep
U+A420,ꐠ,Yi Syllable Jjuox,jjuox
U+A421,ꐡ,Yi Syllable Jjuo,jjuo
U+A422,ꐢ,Yi Syllable Jjuop,jjuop
U+A423,ꐣ,Yi Syllable Jjot,jjot
U+A424,ꐤ,Yi Syllable Jjox,jjox
U+A425,ꐥ,Yi Syllable Jjo,jjo
U+A426,ꐦ,Yi Syllable Jjop,jjop
U+A427,ꐧ,Yi Syllable Jjut,jjut
U+A428,ꐨ,Yi Syllable Jjux,jjux
U+A429,ꐩ,Yi Syllable Jju,jju
U+A42A,ꐪ,Yi Syllable Jjup,jjup
U+A42B,ꐫ,Yi Syllable Jjurx,jjurx
U+A42C,ꐬ,Yi Syllable Jjur,jjur
U+A42D,ꐭ,Yi Syllable Jjyt,jjyt
U+A42E,ꐮ,Yi Syllable Jjyx,jjyx
U+A42F,ꐯ,Yi Syllable Jjy,jjy
U+A430,ꐰ,Yi Syllable Jjyp,jjyp
U+A431,ꐱ,Yi Syllable Njit,njit
U+A432,ꐲ,Yi Syllable Njix,njix
U+A433,ꐳ,Yi Syllable Nji,nji
U+A434,ꐴ,Yi Syllable Njip,njip
U+A435,ꐵ,Yi Syllable Njiet,njiet
U+A436,ꐶ,Yi Syllable Njiex,njiex
U+A437,ꐷ,Yi Syllable Njie,njie
U+A438,ꐸ,Yi Syllable Njiep,njiep
U+A439,ꐹ,Yi Syllable Njuox,njuox
U+A43A,ꐺ,Yi Syllable Njuo,njuo
U+A43B,ꐻ,Yi Syllable Njot,njot
U+A43C,ꐼ,Yi Syllable Njox,njox
U+A43D,ꐽ,Yi Syllable Njo,njo
U+A43E,ꐾ,Yi Syllable Njop,njop
U+A43F,ꐿ,Yi Syllable Njux,njux
U+A440,ꑀ,Yi Syllable Nju,nju
U+A441,ꑁ,Yi Syllable Njup,njup
U+A442,ꑂ,Yi Syllable Njurx,njurx
U+A443,ꑃ,Yi Syllable Njur,njur
U+A444,ꑄ,Yi Syllable Njyt,njyt
U+A445,ꑅ,Yi Syllable Njyx,njyx
U+A446,ꑆ,Yi Syllable Njy,njy
U+A447,ꑇ,Yi Syllable Njyp,njyp
U+A448,ꑈ,Yi Syllable Njyrx,njyrx
U+A449,ꑉ,Yi Syllable Njyr,njyr
U+A44A,ꑊ,Yi Syllable Nyit,nyit
U+A44B,ꑋ,Yi Syllable Nyix,nyix
U+A44C,ꑌ,Yi Syllable Nyi,nyi
U+A44D,ꑍ,Yi Syllable Nyip,nyip
U+A44E,ꑎ,Yi Syllable Nyiet,nyiet
U+A44F,ꑏ,Yi Syllable Nyiex,nyiex
U+A450,ꑐ,Yi Syllable Nyie,nyie
U+A451,ꑑ,Yi Syllable Nyiep,nyiep
U+A452,ꑒ,Yi Syllable Nyuox,nyuox
U+A453,ꑓ,Yi Syllable Nyuo,nyuo
U+A454,ꑔ,Yi Syllable Nyuop,nyuop
U+A455,ꑕ,Yi Syllable Nyot,nyot
U+A456,ꑖ,Yi Syllable Nyox,nyox
U+A457,ꑗ,Yi Syllable Nyo,nyo
U+A458,ꑘ,Yi Syllable Nyop,nyop
U+A459,ꑙ,Yi Syllable Nyut,nyut
U+A45A,ꑚ,Yi Syllable Nyux,nyux
U+A45B,ꑛ,Yi Syllable Nyu,nyu
U+A45C,ꑜ,Yi Syllable Nyup,nyup
U+A45D,ꑝ,Yi Syllable Xit,xit
U+A45E,ꑞ,Yi Syllable Xix,xix
U+A45F,ꑟ,Yi Syllable Xi,xi
U+A460,ꑠ,Yi Syllable Xip,xip
U+A461,ꑡ,Yi Syllable Xiet,xiet
U+A462,ꑢ,Yi Syllable Xiex,xiex
U+A463,ꑣ,Yi Syllable Xie,xie
U+A464,ꑤ,Yi Syllable Xiep,xiep
U+A465,ꑥ,Yi Syllable Xuox,xuox
U+A466,ꑦ,Yi Syllable Xuo,xuo
U+A467,ꑧ,Yi Syllable Xot,xot
U+A468,ꑨ,Yi Syllable Xox,xox
U+A469,ꑩ,Yi Syllable Xo,xo
U+A46A,ꑪ,Yi Syllable Xop,xop
U+A46B,ꑫ,Yi Syllable Xyt,xyt
U+A46C,ꑬ,Yi Syllable Xyx,xyx
U+A46D,ꑭ,Yi Syllable Xy,xy
U+A46E,ꑮ,Yi Syllable Xyp,xyp
U+A46F,ꑯ,Yi Syllable Xyrx,xyrx
U+A470,ꑰ,Yi Syllable Xyr,xyr
U+A471,ꑱ,Yi Syllable Yit,yit
U+A472,ꑲ,Yi Syllable Yix,yix
U+A473,ꑳ,Yi Syllable Yi,yi
U+A474,ꑴ,Yi Syllable Yip,yip
U+A475,ꑵ,Yi Syllable Yiet,yiet
U+A476,ꑶ,Yi Syllable Yiex,yiex
U+A477,ꑷ,Yi Syllable Yie,yie
U+A478,ꑸ,Yi Syllable Yiep,yiep
U+A479,ꑹ,Yi Syllable Yuot,yuot
U+A47A,ꑺ,Yi Syllable Yuox,yuox
U+A47B,ꑻ,Yi Syllable Yuo,yuo
U+A47C,ꑼ,Yi Syllable Yuop,yuop
U+A47D,ꑽ,Yi Syllable Yot,yot
U+A47E,ꑾ,Yi Syllable Yox,yox
U+A47F,ꑿ,Yi Syllable Yo,yo
U+A480,ꒀ,Yi Syllable Yop,yop
U+A481,ꒁ,Yi Syllable Yut,yut
U+A482,ꒂ,Yi Syllable Yux,yux
U+A483,ꒃ,Yi Syllable Yu,yu
U+A484,ꒄ,Yi Syllable Yup,yup
U+A485,ꒅ,Yi Syllable Yurx,yurx
U+A486,ꒆ,Yi Syllable Yur,yur
U+A487,ꒇ,Yi Syllable Yyt,yyt
U+A488,ꒈ,Yi Syllable Yyx,yyx
U+A489,ꒉ,Yi Syllable Yy,yy
U+A48A,ꒊ,Yi Syllable Yyp,yyp
U+A48B,ꒋ,Yi Syllable Yyrx,yyrx
U+A48C,ꒌ,Yi Syllable Yyr,yyr
